arquivo,canal,janela_ini_s,janela_fim_s,teta_ok,mi_theta_gamma,z_theta_gamma,p_theta_gamma,mi_theta_hg,z_theta_hg,p_theta_hg,mi_theta_hfo,z_theta_hfo,p_theta_hfo,ratio_hfo_gamma,proxy_artefato_motor,transiente_detectado,frac_transiente,max_diff_z,max_amp_z,mvl,correlacao_ruido,suspeito_banda_larga
LFP_HG_HFO.mat,lfpHG,0.0,10.0,0,0.001936,3.0647,0.01,0.003009,8.2436,0.0,0.00118,2.3417,0.025,0.016,0.001098,False,0.0,5.6,2.28,0.1217,0.004,False
LFP_HG_HFO.mat,lfpHG,5.0,15.0,0,0.003345,6.6541,0.0,0.00361,11.3336,0.0,0.001572,4.3032,0.01,0.0143,0.000943,False,0.0,6.1,2.28,0.1625,0.037,False
LFP_HG_HFO.mat,lfpHG,10.0,20.0,0,0.004289,8.0156,0.0,0.004141,8.4582,0.0,0.001157,3.2533,0.0,0.013,0.000787,False,0.0,6.24,2.21,0.192,0.025,False
LFP_HG_HFO.mat,lfpHG,15.0,25.0,1,0.005584,15.1082,0.0,0.007426,18.5865,0.0,0.000828,1.0726,0.12,0.012,0.000776,False,0.0,5.43,1.81,0.2207,0.027,False
LFP_HG_HFO.mat,lfpHG,20.0,30.0,1,0.004094,6.579,0.0,0.008516,16.4186,0.0,0.000495,-0.4465,0.61,0.0114,0.000774,False,0.0,7.53,2.14,0.1698,0.0,False
LFP_HG_HFO.mat,lfpHG,25.0,35.0,1,0.003309,5.2766,0.0,0.008381,15.9587,0.0,0.000732,1.2621,0.095,0.0112,0.000792,False,0.0,7.46,2.17,0.1498,0.02,False
LFP_HG_HFO.mat,lfpHG,30.0,40.0,1,0.003451,9.1533,0.0,0.007317,14.488,0.0,0.000676,0.8472,0.14,0.0114,0.00096,False,0.0,5.69,2.38,0.1636,0.022,False
LFP_HG_HFO.mat,lfpHG,35.0,45.0,1,0.003683,7.5492,0.0,0.007372,25.526,0.0,0.000806,0.94,0.16,0.0138,0.001092,False,0.0,6.0,2.44,0.171,0.018,False
LFP_HG_HFO.mat,lfpHG,40.0,50.0,1,0.002779,8.7668,0.0,0.006946,16.8243,0.0,0.000547,-0.1758,0.525,0.0145,0.001138,False,0.0,6.51,1.99,0.1516,-0.015,False
LFP_HG_HFO.mat,lfpHG,45.0,55.0,1,0.002275,4.6409,0.0,0.00648,15.3112,0.0,0.000356,-0.8742,0.83,0.0127,0.001098,False,0.0,6.71,2.07,0.1316,-0.007,False
LFP_HG_HFO.mat,lfpHG,50.0,60.0,1,0.002489,4.7393,0.0,0.007223,8.541,0.0,0.000408,-0.3325,0.62,0.0115,0.000848,False,0.0,6.64,1.96,0.1426,0.027,False
LFP_HG_HFO.mat,lfpHG,55.0,65.0,1,0.004958,6.6689,0.0,0.006748,5.6544,0.0,0.000526,0.7505,0.2,0.0116,0.000805,False,0.0,5.6,1.93,0.1952,0.018,False
LFP_HG_HFO.mat,lfpHG,60.0,70.0,1,0.003739,11.5993,0.0,0.00737,15.0463,0.0,0.000932,2.64,0.025,0.0121,0.000866,False,0.0,5.92,2.15,0.1722,0.077,False
LFP_HG_HFO.mat,lfpHG,65.0,75.0,0,0.002993,4.951,0.0,0.007642,14.1675,0.0,0.000618,0.4533,0.25,0.0122,0.000806,False,0.0,5.91,2.07,0.1709,0.071,False
LFP_HG_HFO.mat,lfpHG,70.0,80.0,1,0.004473,10.5462,0.0,0.007073,21.1309,0.0,0.000538,-0.2321,0.525,0.0112,0.000751,False,0.0,5.16,1.94,0.1992,0.013,False
LFP_HG_HFO.mat,lfpHG,75.0,85.0,0,0.003919,7.8145,0.0,0.004846,10.8441,0.0,0.000783,1.3934,0.095,0.0122,0.000985,False,0.0,5.3,2.29,0.1755,-0.003,False
LFP_HG_HFO.mat,lfpHG,80.0,90.0,1,0.005782,8.2218,0.0,0.007565,13.3152,0.0,0.000625,0.5022,0.3,0.0125,0.001169,False,0.0,5.01,2.31,0.2123,0.005,False
LFP_HG_HFO.mat,lfpHG,85.0,95.0,0,0.007143,15.6397,0.0,0.007395,13.7544,0.0,0.000463,-0.2655,0.565,0.0113,0.000937,False,0.0,7.16,2.04,0.2344,0.033,False
LFP_HG_HFO.mat,lfpHG,90.0,100.0,0,0.003457,6.0814,0.0,0.005781,9.6558,0.0,0.000804,1.2682,0.115,0.0152,0.001148,False,0.0,7.31,2.01,0.1621,0.038,False
LFP_HG_HFO.mat,lfpHG,95.0,105.0,0,0.002321,4.78,0.0,0.00793,16.8459,0.0,0.000818,1.5693,0.07,0.0152,0.001105,False,0.0,7.32,2.13,0.1308,0.042,False
LFP_HG_HFO.mat,lfpHG,100.0,110.0,0,0.002903,4.6669,0.0,0.007044,11.974,0.0,0.000392,-0.8392,0.755,0.0125,0.000938,False,0.0,5.54,2.07,0.1554,0.025,False
LFP_HG_HFO.mat,lfpHG,105.0,115.0,0,0.002649,5.5113,0.0,0.007934,7.7913,0.0,0.000393,-0.8758,0.79,0.0127,0.000971,True,0.0001,8.13,2.15,0.1539,0.04,False
LFP_HG_HFO.mat,lfpHG,110.0,120.0,0,0.004151,6.9187,0.0,0.009946,7.3417,0.0,0.001034,4.0059,0.005,0.0107,0.000801,True,0.0001,8.45,2.14,0.1789,0.072,False
LFP_HG_HFO.mat,lfpHG,115.0,125.0,1,0.004262,6.6647,0.0,0.006183,10.9333,0.0,0.001343,3.0064,0.015,0.0131,0.001125,False,0.0,6.33,1.95,0.1852,0.043,False
LFP_HG_HFO.mat,lfpHG,120.0,130.0,0,0.004888,10.571,0.0,0.005982,10.5305,0.0,0.000951,2.3623,0.02,0.0132,0.001108,False,0.0,6.29,2.09,0.1825,0.003,False
LFP_HG_HFO.mat,lfpHG,125.0,135.0,0,0.005844,11.1471,0.0,0.005239,12.3365,0.0,0.000455,0.1364,0.41,0.01,0.000881,False,0.0,6.21,2.38,0.202,0.019,False
LFP_HG_HFO.mat,lfpHG,130.0,140.0,0,0.00382,8.2652,0.0,0.005977,11.2951,0.0,0.000607,0.2452,0.375,0.0125,0.001032,False,0.0,6.15,2.4,0.1757,0.021,False
LFP_HG_HFO.mat,lfpHG,135.0,145.0,0,0.002559,6.7827,0.0,0.00724,18.057,0.0,0.000578,-0.7101,0.73,0.0185,0.001215,False,0.0,6.62,2.14,0.1437,0.009,False
LFP_HG_HFO.mat,lfpHG,140.0,150.0,0,0.004428,9.8976,0.0,0.006348,17.5793,0.0,0.000352,-1.4116,0.97,0.0197,0.001283,False,0.0,6.79,2.2,0.1963,0.044,False
LFP_HG_HFO.mat,lfpHG,145.0,155.0,0,0.004897,13.2911,0.0,0.006625,19.5013,0.0,0.000446,-0.6745,0.745,0.0145,0.001054,False,0.0,5.64,2.03,0.2109,0.069,False
LFP_HG_HFO.mat,lfpHG,150.0,160.0,0,0.004171,6.2797,0.0,0.008597,19.9311,0.0,0.001053,2.5789,0.015,0.0121,0.000778,False,0.0,5.72,1.91,0.1957,0.058,False
LFP_HG_HFO.mat,lfpHG,155.0,165.0,0,0.003528,7.6429,0.0,0.006922,15.1836,0.0,0.000294,-1.0963,0.9,0.0108,0.000672,False,0.0,5.37,2.65,0.1707,0.022,False
LFP_HG_HFO.mat,lfpHG,160.0,170.0,1,0.005,10.3843,0.0,0.006841,17.0665,0.0,0.00041,-0.3005,0.59,0.0097,0.000749,False,0.0,5.35,2.81,0.201,0.076,False
LFP_HG_HFO.mat,lfpHG,165.0,175.0,0,0.005794,11.6858,0.0,0.009237,18.4799,0.0,0.000796,2.3769,0.035,0.0104,0.000702,False,0.0,4.96,1.74,0.2252,0.088,False
LFP_HG_HFO.mat,lfpHG,170.0,180.0,0,0.003391,6.935,0.0,0.007455,16.8399,0.0,0.001182,3.8433,0.0,0.0121,0.000689,False,0.0,5.01,1.77,0.1747,0.055,False
LFP_HG_HFO.mat,lfpHG,175.0,185.0,0,0.003513,9.329,0.0,0.005273,11.5104,0.0,0.001691,4.3234,0.0,0.0161,0.000914,False,0.0,6.15,1.9,0.1702,0.059,False
LFP_HG_HFO.mat,lfpHG,180.0,190.0,0,0.002682,6.9597,0.0,0.005165,12.8475,0.0,0.001149,1.0743,0.1,0.0141,0.000905,False,0.0,6.12,1.98,0.1287,0.031,False
LFP_HG_HFO.mat,lfpHG,185.0,195.0,0,0.002859,5.4358,0.01,0.003229,7.0757,0.0,0.000855,1.8302,0.055,0.013,0.001021,False,0.0,5.47,1.89,0.1541,0.016,False
LFP_HG_HFO.mat,lfpHG,190.0,200.0,0,0.001874,5.4151,0.005,0.001609,3.4347,0.015,0.000528,-0.2558,0.575,0.0186,0.001664,False,0.0,5.94,2.19,0.1281,0.096,False
LFP_HG_HFO.mat,lfpHG,195.0,205.0,0,0.002035,4.3067,0.0,0.001179,2.1645,0.03,0.000341,-1.3056,0.915,0.0211,0.002118,False,0.0,6.26,2.77,0.1193,0.084,False
LFP_HG_HFO.mat,lfpHG,200.0,210.0,0,0.002617,4.8652,0.0,0.001163,2.0813,0.045,0.00095,0.1602,0.325,0.0339,0.003305,True,0.0003,8.78,3.28,0.144,0.018,False
LFP_HG_HFO.mat,lfpHG,205.0,215.0,0,0.001841,4.1485,0.0,0.002244,3.3184,0.02,0.000895,0.4037,0.325,0.0264,0.00224,True,0.0002,8.39,2.75,0.1167,-0.011,False
LFP_HG_HFO.mat,lfpHG,210.0,220.0,0,0.005228,13.1342,0.0,0.006232,12.4667,0.0,0.001035,3.129,0.015,0.0098,0.000844,False,0.0,6.42,1.92,0.2077,0.024,False
LFP_HG_HFO.mat,lfpHG,215.0,225.0,0,0.007983,11.2433,0.0,0.0078,13.2322,0.0,0.000635,1.0812,0.175,0.0086,0.000839,False,0.0,6.35,1.99,0.2387,0.044,False
LFP_HG_HFO.mat,lfpHG,220.0,230.0,0,0.004319,10.3254,0.0,0.006374,12.3876,0.0,0.000872,2.3102,0.025,0.0115,0.000908,False,0.0,6.1,2.47,0.1853,0.036,False
LFP_HG_HFO.mat,lfpHG,225.0,235.0,0,0.001698,4.9599,0.0,0.005855,7.9105,0.0,0.000928,2.3883,0.015,0.0138,0.000797,False,0.0,5.87,2.2,0.1086,0.035,False
LFP_HG_HFO.mat,lfpHG,230.0,240.0,0,0.001787,2.7838,0.015,0.007396,16.642,0.0,0.000523,-0.218,0.535,0.0144,0.000748,True,0.0001,9.36,2.4,0.1113,0.058,False
LFP_HG_HFO.mat,lfpHG,235.0,245.0,0,0.002862,5.9492,0.0,0.006878,10.4054,0.0,0.000371,-1.003,0.86,0.0131,0.000764,True,0.0001,9.25,2.43,0.143,0.008,False
LFP_HG_HFO.mat,lfpHG,240.0,250.0,0,0.003884,7.268,0.0,0.005716,11.111,0.0,0.000461,-0.0399,0.44,0.012,0.000749,False,0.0,5.74,1.93,0.1812,-0.022,False
LFP_HG_HFO.mat,lfpHG,245.0,255.0,0,0.003086,3.8631,0.0,0.006041,14.298,0.0,0.00026,-1.312,0.955,0.0135,0.00097,False,0.0,6.25,2.36,0.1684,0.037,False
LFP_HG_HFO.mat,lfpHG,250.0,260.0,1,0.00214,4.3441,0.0,0.004389,9.0744,0.0,0.000874,0.6311,0.23,0.0206,0.001791,False,0.0,6.97,2.21,0.1289,0.043,False
LFP_HG_HFO.mat,lfpHG,255.0,265.0,1,0.00265,7.1108,0.0,0.003526,9.0373,0.0,0.000356,-1.1419,0.885,0.0189,0.001542,False,0.0,6.71,2.42,0.1418,0.016,False
LFP_HG_HFO.mat,lfpHG,260.0,270.0,1,0.002999,6.6251,0.0,0.004223,8.5986,0.0,0.000787,0.6063,0.205,0.0156,0.001314,False,0.0,5.79,2.41,0.1533,0.077,False
LFP_HG_HFO.mat,lfpHG,265.0,275.0,0,0.003483,11.2572,0.0,0.004987,13.5839,0.0,0.000636,0.0889,0.4,0.0145,0.001217,False,0.0,5.23,2.25,0.1676,0.012,False
LFP_HG_HFO.mat,lfpHG,270.0,280.0,0,0.004463,11.3351,0.0,0.004767,10.9765,0.0,0.000724,0.5952,0.285,0.0111,0.000847,False,0.0,5.19,2.08,0.1733,0.005,False
LFP_HG_HFO.mat,lfpHG,275.0,285.0,0,0.00366,9.2632,0.0,0.005205,15.0306,0.0,0.000545,-0.0315,0.45,0.0106,0.000788,False,0.0,5.38,2.11,0.1664,0.05,False
LFP_HG_HFO.mat,lfpHG,280.0,290.0,0,0.003708,6.7458,0.0,0.004909,9.6424,0.0,0.000619,-0.3663,0.585,0.0161,0.001187,False,0.0,5.22,2.12,0.1701,0.063,False
LFP_HG_HFO.mat,lfpHG,285.0,295.0,0,0.003071,6.2286,0.0,0.005223,11.1553,0.0,0.000803,0.2375,0.365,0.0184,0.001082,False,0.0,5.22,1.94,0.1394,0.092,False
LFP_HG_HFO.mat,lfpHG,290.0,300.0,0,0.00519,10.4958,0.0,0.006963,15.7275,0.0,0.001006,1.663,0.06,0.0105,0.0007,False,0.0,6.44,1.67,0.1905,0.076,False
